{
  "roe": {
    "x_knots": [
      -48.169391,
      0.165542,
      0.181255,
      0.233746,
      0.849772,
      0.898504
    ],
    "y_values": [
      0.012501879310344828,
      0.012927333333333332,
      0.0199046,
      0.08173778947368421,
      0.12754300000000002,
      0.19535774999999997
    ],
    "increasing": true,
    "n_samples": 155,
    "domain_min": -48.169391,
    "domain_max": 56.282118,
    "y_min": 0.012501879310344828,
    "y_max": 0.19535774999999997
  },
  "roa": {
    "x_knots": [
      -0.587719,
      -0.457551,
      -0.307009,
      -0.264312,
      0.022423,
      0.067514,
      0.128597,
      0.247446,
      0.706434
    ],
    "y_values": [
      -0.105263,
      -0.0441044,
      -0.028906,
      0.01373224324324325,
      0.020630043478260866,
      0.07964396153846155,
      0.10885709375000001,
      0.1610207857142857,
      0.406006
    ],
    "increasing": true,
    "n_samples": 155,
    "domain_min": -0.587719,
    "domain_max": 0.782431,
    "y_min": -0.105263,
    "y_max": 0.406006
  },
  "net_margin": {
    "x_knots": [
      -0.664883,
      -0.338966,
      -0.10878,
      -0.103885,
      0.126485,
      0.260939
    ],
    "y_values": [
      -0.1348304,
      -0.1130775,
      -0.1119785,
      0.05440006481481482,
      0.18123458823529412,
      0.4079465
    ],
    "increasing": true,
    "n_samples": 155,
    "domain_min": -0.664883,
    "domain_max": 0.261634,
    "y_min": -0.1348304,
    "y_max": 0.4079465
  },
  "gross_margin": {
    "x_knots": [
      -0.207552,
      -0.049653,
      0.042415,
      0.070972,
      0.077116,
      0.322876,
      0.323903,
      0.346559
    ],
    "y_values": [
      -0.12128,
      -0.031504000000000004,
      0.020901875,
      0.044011999999999996,
      0.05547414912280701,
      0.066955,
      0.14877142857142858,
      0.29507639999999996
    ],
    "increasing": true,
    "n_samples": 155,
    "domain_min": -0.207552,
    "domain_max": 0.458338,
    "y_min": -0.12128,
    "y_max": 0.29507639999999996
  },
  "operating_margin": {
    "x_knots": [
      -0.578095,
      -0.062637,
      -0.061958,
      -0.052011,
      -0.032255,
      0.034675,
      0.145782,
      0.223891,
      0.226362,
      0.324923
    ],
    "y_values": [
      -0.12516244444444447,
      -0.054615,
      -0.04581166666666667,
      -0.038113375,
      0.07064082758620689,
      0.07669411363636364,
      0.0807200857142857,
      0.10287966666666666,
      0.19061537500000006,
      0.2170375714285714
    ],
    "increasing": true,
    "n_samples": 155,
    "domain_min": -0.578095,
    "domain_max": 0.401831,
    "y_min": -0.12516244444444447,
    "y_max": 0.2170375714285714
  },
  "fcf_yield": {
    "x_knots": [
      -2.814599,
      0.416688,
      1.110046,
      1.125548,
      3.59581
    ],
    "y_values": [
      0.05018456989247311,
      0.0699079705882353,
      0.121873,
      0.16021565384615385,
      0.171141
    ],
    "increasing": true,
    "n_samples": 155,
    "domain_min": -2.814599,
    "domain_max": 3.59581,
    "y_min": 0.05018456989247311,
    "y_max": 0.171141
  },
  "fcf_margin": {
    "x_knots": [
      -0.857195,
      0.137031
    ],
    "y_values": [
      0.06933864516129032,
      0.09369887096774193
    ],
    "increasing": true,
    "n_samples": 155,
    "domain_min": -0.857195,
    "domain_max": 1.739599,
    "y_min": 0.06933864516129032,
    "y_max": 0.09369887096774193
  },
  "cfo_to_ni": {
    "x_knots": [
      -229.189266,
      -8.992701,
      -7.50186,
      -1.443257,
      15.215025,
      27.879828
    ],
    "y_values": [
      0.01973966666666667,
      0.065085,
      0.0674070303030303,
      0.07208341739130433,
      0.32906,
      0.470183
    ],
    "increasing": true,
    "n_samples": 155,
    "domain_min": -229.189266,
    "domain_max": 27.879828,
    "y_min": 0.01973966666666667,
    "y_max": 0.470183
  },
  "current_ratio": {
    "x_knots": [
      0.529057,
      0.650335,
      0.661817,
      0.66395,
      0.677134,
      0.911544,
      0.995634,
      2.621649
    ],
    "y_values": [
      -0.1514826,
      -0.123975,
      -0.117347,
      0.029229333333333333,
      0.05136760344827587,
      0.05514661538461539,
      0.11528598611111113,
      0.540861
    ],
    "increasing": true,
    "n_samples": 155,
    "domain_min": 0.529057,
    "domain_max": 2.621649,
    "y_min": -0.1514826,
    "y_max": 0.540861
  },
  "pe": {
    "x_knots": [
      -43.244897,
      20.789562
    ],
    "y_values": [
      0.08275759183673471,
      -0.082838625
    ],
    "increasing": false,
    "n_samples": 155,
    "domain_min": -43.244897,
    "domain_max": 309.823705,
    "y_min": -0.082838625,
    "y_max": 0.08275759183673471
  },
  "pb": {
    "x_knots": [
      0.265675,
      0.418992,
      23.638593,
      231.632865
    ],
    "y_values": [
      0.20407340000000002,
      0.07415534042553193,
      0.037291285714285714,
      -0.11732600000000001
    ],
    "increasing": false,
    "n_samples": 155,
    "domain_min": 0.265675,
    "domain_max": 447.11886,
    "y_min": -0.11732600000000001,
    "y_max": 0.20407340000000002
  },
  "debt_equity": {
    "x_knots": [
      19.495274,
      22.095735,
      145.038027,
      676.008692,
      1816.953561,
      89270.155002,
      197473.915951
    ],
    "y_values": [
      0.122857,
      0.11013699999999998,
      0.07607020512820514,
      0.07449523255813953,
      0.04582626666666667,
      0.0030304999999999915,
      -0.102481
    ],
    "increasing": false,
    "n_samples": 155,
    "domain_min": 19.495274,
    "domain_max": 197473.915951,
    "y_min": -0.102481,
    "y_max": 0.122857
  },
  "net_debt_ebitda": {
    "x_knots": [
      -10171.627407,
      578.510523,
      709.033385,
      2805.942751,
      3985.858643,
      28708.022891
    ],
    "y_values": [
      0.10279615584415587,
      0.07767972222222222,
      0.0643840425531915,
      -0.012653666666666667,
      -0.09531699999999999,
      -0.189108
    ],
    "increasing": false,
    "n_samples": 155,
    "domain_min": -10171.627407,
    "domain_max": 28708.022891,
    "y_min": -0.189108,
    "y_max": 0.10279615584415587
  },
  "roic": {
    "x_knots": [
      -0.010117,
      0.000242,
      0.000341,
      0.00035,
      0.000352,
      0.001101,
      0.001358,
      0.001584,
      0.001727,
      0.014649
    ],
    "y_values": [
      -0.01329907317073171,
      0.027047500000000002,
      0.029915,
      0.034591,
      0.05609458695652174,
      0.0896418,
      0.10231990909090913,
      0.113518,
      0.15983189999999997,
      0.706718
    ],
    "increasing": true,
    "n_samples": 155,
    "domain_min": -0.010117,
    "domain_max": 0.014649,
    "y_min": -0.01329907317073171,
    "y_max": 0.706718
  },
  "revenue_growth": {
    "x_knots": [
      -0.478893,
      -0.33264,
      0.023484,
      0.221581,
      0.300028,
      0.383582,
      0.919888,
      0.92067,
      0.963523
    ],
    "y_values": [
      -0.1388362,
      -0.028050304347826082,
      0.02895146666666667,
      0.0812616875,
      0.09508016666666667,
      0.11170204347826083,
      0.16796,
      0.1868424,
      0.22683454838709677
    ],
    "increasing": true,
    "n_samples": 140,
    "domain_min": -0.478893,
    "domain_max": 5.271949,
    "y_min": -0.1388362,
    "y_max": 0.22683454838709677
  }
}