{
  "signals": [
    "52W High Breakout",
    "BB Alt Band Kirilim",
    "BB Ust Band Kirilim",
    "MACD Bearish Cross",
    "MACD Bullish Cross",
    "RSI Asiri Alim",
    "RSI Asiri Satim"
  ],
  "weights": [
    0.2,
    0.0,
    0.2,
    0.2,
    0.2,
    0.2,
    0.0
  ],
  "mu": [
    1.39385,
    1.199275,
    1.118675,
    1.156475,
    1.39805,
    1.544075,
    1.9976749999999999
  ],
  "expected_sharpe": 1.3222250000000002,
  "ensemble_vol": 0.27814891808765557,
  "correlation_matrix": [
    [
      0.9999999999999999,
      0.18562886019608194,
      0.8073735693666146,
      -0.41465894181618496,
      0.6852689194421454,
      -0.41419047389559566,
      0.2502124372055559
    ],
    [
      0.18562886019608194,
      0.9999999999999998,
      0.6194643418128165,
      0.5877572959581877,
      0.7101378876941195,
      0.7354731274680318,
      0.9761269607552704
    ],
    [
      0.8073735693666146,
      0.6194643418128165,
      1.0,
      -0.22211064705903344,
      0.9829699333429872,
      -0.07105553245522651,
      0.5830416438798136
    ],
    [
      -0.41465894181618496,
      0.5877572959581877,
      -0.22211064705903344,
      1.0,
      -0.13994309910728467,
      0.9627147628688709,
      0.6613778040076462
    ],
    [
      0.6852689194421454,
      0.7101378876941195,
      0.9829699333429872,
      -0.13994309910728467,
      1.0000000000000002,
      0.04579628927927596,
      0.6459189320300236
    ],
    [
      -0.41419047389559566,
      0.7354731274680318,
      -0.07105553245522651,
      0.9627147628688709,
      0.04579628927927596,
      1.0000000000000002,
      0.7567939879015763
    ],
    [
      0.2502124372055559,
      0.9761269607552704,
      0.5830416438798136,
      0.6613778040076462,
      0.6459189320300236,
      0.7567939879015763,
      1.0
    ]
  ],
  "caps_applied": {
    "BB Alt Band Kirilim": 0.1,
    "RSI Asiri Satim": 0.1
  },
  "excluded_signals": [
    "Golden Cross",
    "Death Cross"
  ],
  "holdout_evaluation": {
    "ensemble_sharpe": 0.16178000000000003,
    "post_hoc_best_signal": "Death Cross",
    "post_hoc_best_sharpe": 1.3844,
    "training_top_signal": "RSI Asiri Satim",
    "training_top_training_mean": 1.997675,
    "training_top_holdout_sharpe": -0.7335,
    "verdict_vs_training_top": "Ensemble beats training-top (diversification added value)",
    "verdict_vs_post_hoc": "Ensemble trails post-hoc best (cherry-picked ceiling)"
  }
}