{
  "BB Ust Band Kirilim": {
    "x_knots": [
      -0.3683609366076528,
      -0.2721625788911676,
      -0.14697406340057645,
      -0.13376501635087912,
      -0.11649941303788446,
      -0.07817109144542772,
      -0.07262068110058645,
      -0.06342494982769344,
      -0.03351947879271368,
      -0.03206997084548089,
      -0.028871505156379627,
      -0.02483069977426624,
      -0.019212722586691725,
      -0.007510052426923972,
      0.010665343138608768,
      0.015434606518579305,
      0.02564924737573733,
      0.031180400890868525,
      0.04541057971014494,
      0.07241063244729598,
      0.11960434891856801,
      0.2340205773195876
    ],
    "y_values": [
      -0.27133330018893986,
      -0.17634402973349314,
      -0.08197846621837974,
      -0.06459413985615421,
      -0.06040308003967583,
      -0.05305088063558763,
      -0.041463963399386045,
      -0.03619868815756294,
      -0.025111670030149334,
      -0.02243139662386525,
      -0.008347296479678714,
      -0.006753862646507357,
      0.02144702802575306,
      0.04920625660016504,
      0.05183656073154006,
      0.05530397138612333,
      0.06907444394474022,
      0.07894902165209464,
      0.08673158685225116,
      0.12059635734174227,
      0.13483856111426235,
      0.3611800197326622
    ],
    "increasing": true,
    "n_samples": 433,
    "domain_min": -0.3683609366076528,
    "domain_max": 0.4072398190045249,
    "y_min": -0.27133330018893986,
    "y_max": 0.3611800197326622
  },
  "52W High Breakout": {
    "x_knots": [
      -0.3713147410358565,
      -0.31862403340430734,
      -0.31164017989417986,
      -0.2587646076794658,
      -0.13733336666666662,
      -0.12492307692307689,
      -0.09885260370697257,
      -0.09346227440147328,
      -0.06380516241299299,
      -0.020503928178531847,
      0.0066857688634192934,
      0.006915628843071775,
      0.017167381974248927,
      0.030927790767706645,
      0.030927835233742918,
      0.0319284789810289,
      0.06710397606730398,
      0.07822226666666665,
      0.11822410944759944,
      0.12000000000000012,
      0.1222707423580786,
      0.19723183391003454,
      0.608346789285794
    ],
    "y_values": [
      -0.36912285619253576,
      -0.27310634909289955,
      -0.13073769414594769,
      -0.1114936152090208,
      -0.11108481977341958,
      -0.08453253186069147,
      -0.07328910200621684,
      -0.034316917032779705,
      -0.003834852673342433,
      0.03386563888719307,
      0.04775549188156638,
      0.054779354704561405,
      0.06271140398539682,
      0.06443298692298166,
      0.07929257964024235,
      0.08445873420665773,
      0.09214031487775642,
      0.1331457182247873,
      0.17965926690758913,
      0.18543501194595494,
      0.1989045114561199,
      0.34917958637061935,
      0.7014447026084265
    ],
    "increasing": true,
    "n_samples": 662,
    "domain_min": -0.3713147410358565,
    "domain_max": 0.608346789285794,
    "y_min": -0.36912285619253576,
    "y_max": 0.7014447026084265
  },
  "MACD Bullish Cross": {
    "x_knots": [
      -0.31862403340430734,
      -0.20504385950098308,
      -0.17957542384509037,
      -0.12869560869565216,
      -0.1269231049063108,
      -0.0823447569478086,
      -0.06654343807763403,
      -0.056382498872350015,
      -0.04200027110568897,
      -0.0410958528804639,
      -0.027499465288175005,
      -0.0035714285714284954,
      0.0066857688634192934,
      0.01793245743769697,
      0.02459016393442619,
      0.031180400890868525,
      0.04127586869783926,
      0.04743826541940974,
      0.06658211794546608,
      0.07333340408863007,
      0.13436694005300046,
      0.14754098360655746,
      0.19222135377711308,
      0.20947026428567359,
      0.608346789285794
    ],
    "y_values": [
      -0.27310634909289955,
      -0.18585526298592386,
      -0.14228339467894713,
      -0.11304347826086962,
      -0.09372537542183985,
      -0.05167695969019684,
      -0.04119616359214497,
      -0.03760542725935585,
      -0.024691983949067346,
      -0.007521152706265865,
      -0.003366625960474946,
      0.014297241189504163,
      0.022161547115120892,
      0.027222752281068734,
      0.05946992776549396,
      0.06434991438754965,
      0.0962518952286562,
      0.09638852405742798,
      0.10460751593371373,
      0.18002745119388708,
      0.1952907688386961,
      0.21320230447502064,
      0.21690355272999245,
      0.5748990285887706,
      0.7014447026084265
    ],
    "increasing": true,
    "n_samples": 417,
    "domain_min": -0.31862403340430734,
    "domain_max": 0.608346789285794,
    "y_min": -0.27310634909289955,
    "y_max": 0.7014447026084265
  },
  "Golden Cross": {
    "x_knots": [
      -0.1739894551845343,
      -0.09857072449482504,
      -0.052555300987409036,
      -0.044722719141323794,
      0.0022396416573347787,
      0.03072421360643745,
      0.03090732955669631
    ],
    "y_values": [
      -0.14059753954305812,
      -0.09639535554433493,
      -0.0697339003141014,
      -0.049912099664235925,
      0.026901619765809254,
      0.07315288953913679,
      0.13755435847933614
    ],
    "increasing": true,
    "n_samples": 36,
    "domain_min": -0.1739894551845343,
    "domain_max": 0.08878504672897193,
    "y_min": -0.14059753954305812,
    "y_max": 0.13755435847933614
  },
  "BB Alt Band Kirilim": {
    "x_knots": [
      -0.24930345074267216,
      -0.2262570330514508,
      -0.13114792252737248,
      -0.11299427559127989,
      -0.05069637600577293,
      -0.045679071254378284,
      -0.03504043126684636,
      -0.034278959976904354,
      -0.030150754082169644,
      -0.013715833701267674,
      0.03681592039800987,
      0.06337260669320056,
      0.07692312805902785,
      0.08968613355817218,
      0.0911681429804436,
      0.14713202654214116,
      0.2406892718176766
    ],
    "y_values": [
      -0.3454039515051113,
      -0.11784336392085254,
      -0.09632133118023616,
      -0.07695025033841223,
      -0.07046530083905862,
      -0.04227496140377451,
      -0.030844087565627953,
      -0.027926659373393836,
      -0.010824436143996197,
      0.013647829799471139,
      0.038683755989291066,
      0.07498994020256614,
      0.08045778726153952,
      0.12748245123262172,
      0.17424021151196953,
      0.2517736857200411,
      0.2692802061017519
    ],
    "increasing": true,
    "n_samples": 337,
    "domain_min": -0.24930345074267216,
    "domain_max": 0.29803913725490194,
    "y_min": -0.3454039515051113,
    "y_max": 0.2692802061017519
  },
  "MACD Bearish Cross": {
    "x_knots": [
      -0.17371252882398153,
      -0.16249999999999995,
      -0.13888894235010243,
      -0.12790697674418608,
      -0.11927875504240651,
      -0.10591900311526493,
      -0.08627683595029415,
      -0.06089309878213793,
      -0.028998242530755686,
      0.0,
      0.009958992384300041,
      0.016956499999999926,
      0.0177514792899408,
      0.021477662861208544,
      0.024691358024691492,
      0.07096774193548397,
      0.0850661625708885,
      0.08525047361299065,
      0.10110803324099729,
      0.12167294287490805,
      0.1500841961728951,
      0.15357499613355993
    ],
    "y_values": [
      -0.3558800922367409,
      -0.1531039144801352,
      -0.13312050492425764,
      -0.1256724485831708,
      -0.07536335416328599,
      -0.05765194985291802,
      -0.0418331748225129,
      -0.02908630460071586,
      -0.015885366014043154,
      -0.0066137387134420945,
      0.027884403849222947,
      0.04086958695652174,
      0.04397773009020498,
      0.07010504230994509,
      0.07169582895710858,
      0.07683978781809782,
      0.0916824196597354,
      0.14264824182596772,
      0.17316284361557677,
      0.18506975138379353,
      0.21360307961758965,
      0.25277056141911597
    ],
    "increasing": true,
    "n_samples": 461,
    "domain_min": -0.17371252882398153,
    "domain_max": 0.3267695142751721,
    "y_min": -0.3558800922367409,
    "y_max": 0.25277056141911597
  },