{
  "Golden Cross": {
    "_default": {
      "n": 36,
      "weight_20d": -0.207,
      "mean_return_20d": -0.006673,
      "std_return_20d": 0.1144,
      "weight_60d": -0.3737,
      "mean_return_60d": -0.035555,
      "std_return_60d": 0.194982
    }
  },
  "Death Cross": {
    "_default": {
      "n": 21,
      "weight_20d": 0.5906,
      "mean_return_20d": 0.014716,
      "std_return_20d": 0.088454,
      "weight_60d": 0.7464,
      "mean_return_60d": 0.103321,
      "std_return_60d": 0.283671
    }
  },
  "52W High Breakout": {
    "_default": {
      "n": 662,
      "weight_20d": 1.0883,
      "mean_return_20d": 0.048641,
      "std_return_20d": 0.158645,
      "weight_60d": 0.8962,
      "mean_return_60d": 0.129834,
      "std_return_60d": 0.2969
    },
    "Banka": {
      "n": 114,
      "weight_20d": 0.2332,
      "mean_return_20d": 0.011295,
      "std_return_20d": 0.17194,
      "weight_60d": 0.5905,
      "mean_return_60d": 0.079682,
      "std_return_60d": 0.276527
    },
    "Enerji": {
      "n": 57,
      "weight_20d": 1.4138,
      "mean_return_20d": 0.045803,
      "std_return_20d": 0.114999,
      "weight_60d": 0.7727,
      "mean_return_60d": 0.080813,
      "std_return_60d": 0.214323
    },
    "Havayolu": {
      "n": 56,
      "weight_20d": 2.7777,
      "mean_return_20d": 0.105008,
      "std_return_20d": 0.134192,
      "weight_60d": 1.4971,
      "mean_return_60d": 0.23993,
      "std_return_60d": 0.328435
    },
    "Holding": {
      "n": 91,
      "weight_20d": 0.6126,
      "mean_return_20d": 0.026677,
      "std_return_20d": 0.154575,
      "weight_60d": 0.7068,
      "mean_return_60d": 0.066471,
      "std_return_60d": 0.192741
    },
    "Kimya": {
      "n": 23,
      "weight_20d": 1.9108,
      "mean_return_20d": 0.144138,
      "std_return_20d": 0.267756,
      "weight_60d": 1.2844,
      "mean_return_60d": 0.368673,
      "std_return_60d": 0.588251
    },
    "Madencilik": {
      "n": 21,
      "weight_20d": 1.5341,
      "mean_return_20d": 0.143413,
      "std_return_20d": 0.331836,
      "weight_60d": 0.7945,
      "mean_return_60d": 0.222614,
      "std_return_60d": 0.574198
    },
    "Perakende": {
      "n": 66,
      "weight_20d": 1.9115,
      "mean_return_20d": 0.073597,
      "std_return_20d": 0.136668,
      "weight_60d": 1.2508,
      "mean_return_60d": 0.187074,
      "std_return_60d": 0.306503
    },
    "Sanayi": {
      "n": 108,
      "weight_20d": 1.1316,
      "mean_return_20d": 0.038743,
      "std_return_20d": 0.121537,
      "weight_60d": 0.8713,
      "mean_return_60d": 0.113934,
      "std_return_60d": 0.267992
    },
    "Savunma": {
      "n": 21,
      "weight_20d": 2.2214,
      "mean_return_20d": 0.078447,
      "std_return_20d": 0.125352,
      "weight_60d": 2.7812,
      "mean_return_60d": 0.267291,
      "std_return_60d": 0.196963
    },
    "Telekom": {
      "n": 31,
      "weight_20d": 0.7971,
      "mean_return_20d": 0.026984,
      "std_return_20d": 0.120158,
      "weight_60d": 1.2048,
      "mean_return_60d": 0.128183,
      "std_return_60d": 0.218048
    },
    "Ulaşım": {
      "n": 29,
      "weight_20d": 1.6564,
      "mean_return_20d": 0.034019,
      "std_return_20d": 0.072903,
      "weight_60d": 1.1522,
      "mean_return_60d": 0.109505,
      "std_return_60d": 0.194766
    }
  },
  "MACD Bullish Cross": {
    "_default": {
      "n": 417,
      "weight_20d": 0.9044,
      "mean_return_20d": 0.034269,
      "std_return_20d": 0.134497,
      "weight_60d": 0.9387,
      "mean_return_60d": 0.125482,
      "std_return_60d": 0.273952
    },
    "Banka": {
      "n": 83,
      "weight_20d": 0.9596,
      "mean_return_20d": 0.034405,
      "std_return_20d": 0.127264,
      "weight_60d": 1.0283,
      "mean_return_60d": 0.127418,
      "std_return_60d": 0.253932
    },
    "Enerji": {
      "n": 29,
      "weight_20d": 1.1182,
      "mean_return_20d": 0.032275,
      "std_return_20d": 0.102455,
      "weight_60d": 1.0573,
      "mean_return_60d": 0.113116,
      "std_return_60d": 0.219247
    },
    "Havayolu": {
      "n": 30,
      "weight_20d": 1.5823,
      "mean_return_20d": 0.073852,
      "std_return_20d": 0.165672,
      "weight_60d": 1.2335,
      "mean_return_60d": 0.194624,
      "std_return_60d": 0.323365
    },
    "Holding": {
      "n": 65,
      "weight_20d": 0.9561,
      "mean_return_20d": 0.044936,
      "std_return_20d": 0.166826,
      "weight_60d": 1.179,
      "mean_return_60d": 0.100645,
      "std_return_60d": 0.174944
    },
    "Perakende": {
      "n": 31,
      "weight_20d": 0.6391,
      "mean_return_20d": 0.018166,
      "std_return_20d": 0.100905,
      "weight_60d": 0.6246,
      "mean_return_60d": 0.059609,
      "std_return_60d": 0.195594
    },
    "Sanayi": {
      "n": 60,
      "weight_20d": 0.366,
      "mean_return_20d": 0.0113,
      "std_return_20d": 0.109593,
      "weight_60d": 0.89,
      "mean_return_60d": 0.109773,
      "std_return_60d": 0.252778
    },
    "Telekom": {
      "n": 22,
      "weight_20d": 0.9589,
      "mean_return_20d": 0.038802,
      "std_return_20d": 0.143638,
      "weight_60d": 0.654,
      "mean_return_60d": 0.074728,
      "std_return_60d": 0.234166
    }
  },
  "MACD Bearish Cross": {
    "_default": {
      "n": 461,
      "weight_20d": 0.7762,
      "mean_return_20d": 0.028737,
      "std_return_20d": 0.131424,
      "weight_60d": 0.8163,
      "mean_return_60d": 0.102345,
      "std_return_60d": 0.256935
    },
    "Banka": {
      "n": 93,
      "weight_20d": 0.1354,
      "mean_return_20d": 0.004979,
      "std_return_20d": 0.130543,
      "weight_60d": 0.4845,
      "mean_return_60d": 0.059137,
      "std_return_60d": 0.250156
    },
    "Enerji": {
      "n": 38,
      "weight_20d": 0.273,
      "mean_return_20d": 0.009579,
      "std_return_20d": 0.124559,
      "weight_60d": 0.3831,
      "mean_return_60d": 0.038756,
      "std_return_60d": 0.207337
    },
    "Havayolu": {
      "n": 29,
      "weight_20d": 2.0102,
      "mean_return_20d": 0.097882,
      "std_return_20d": 0.172846,
      "weight_60d": 1.2662,
      "mean_return_60d": 0.222991,
      "std_return_60d": 0.360918
    },
    "Holding": {
      "n": 69,
      "weight_20d": 0.8472,
      "mean_return_20d": 0.024878,
      "std_return_20d": 0.104233,
      "weight_60d": 1.202,
      "mean_return_60d": 0.121843,
      "std_return_60d": 0.207732
    },
    "Perakende": {
      "n": 38,
      "weight_20d": 1.3398,
      "mean_return_20d": 0.039507,
      "std_return_20d": 0.104665,
      "weight_60d": 1.3734,
      "mean_return_60d": 0.174978,
      "std_return_60d": 0.2611
    },
    "Sanayi": {
      "n": 76,
      "weight_20d": 0.7849,
      "mean_return_20d": 0.033168,
      "std_return_20d": 0.150004,
      "weight_60d": 0.8867,
      "mean_return_60d": 0.110713,
      "std_return_60d": 0.255895
    },
    "Telekom": {
      "n": 28,
      "weight_20d": 1.0866,
      "mean_return_20d": 0.032633,
      "std_return_20d": 0.106607,
      "weight_60d": 0.907,
      "mean_return_60d": 0.099438,
      "std_return_60d": 0.22468
    }
  },
  "RSI Asiri Alim": {
    "_default": {
      "n": 267,
      "weight_20d": 1.2028,
      "mean_return_20d": 0.042442,
      "std_return_20d": 0.125254,
      "weight_60d": 0.8467,
      "mean_return_60d": 0.117903,
      "std_return_60d": 0.285373
    },
    "Banka": {
      "n": 59,
      "weight_20d": 1.0234,
      "mean_return_20d": 0.037405,
      "std_return_20d": 0.129741,
      "weight_60d": 0.3301,
      "mean_return_60d": 0.040736,
      "std_return_60d": 0.252904
    },
    "Enerji": {
      "n": 23,
      "weight_20d": 0.7522,
      "mean_return_20d": 0.018969,
      "std_return_20d": 0.089517,
      "weight_60d": 0.5969,
      "mean_return_60d": 0.061623,
      "std_return_60d": 0.211562
    },
    "Holding": {
      "n": 34,
      "weight_20d": 0.7872,
      "mean_return_20d": 0.018384,
      "std_return_20d": 0.082895,
      "weight_60d": 0.6901,
      "mean_return_60d": 0.062845,